{
  "project_info": {
    "project_number": "818829356687",
    "project_id": "project-6efa2",
    "storage_bucket": "project-6efa2.firebasestorage.app"
  },
  "client": [
    {
      "client_info": {
        "mobilesdk_app_id": "1:818829356687:android:9f71be908c816ffb0a4afa",
        "android_client_info": {
          "package_name": "com.example.project"
        }
      },
      "oauth_client": [],
      "api_key": [
        {
          "current_key": "AIzaSyBjnQRjoA0toYWNwuYKSQZOXz6WqAPZOug"
        }
      ],
      "services": {
        "appinvite_service": {
          "other_platform_oauth_client": []
        }
      }
    }
  ],
  "configuration_version": "1"
}